id;sender_name;content;time
1;mean battle;sometimes youthfully once;2025-08-06T23:00:34
2;outfox;during;2025-08-07T00:38:49
3;past;tousle;2025-08-06T22:34:55
4;cannon owlishly;overconfidently eyebrow;2025-08-06T18:06:28
5;steeple;guest paralyse;2025-08-07T12:56:27
6;but during although;incinerate;2025-08-07T05:40:18
7;mobilise whoever;drat;2025-08-07T12:01:06
8;as whenever quiet;whereas;2025-08-06T17:02:37
9;justly boulevard;after yogurt;2025-08-06T19:31:59
10;outlaw aside tankful;apropos squid righteously;2025-08-07T05:28:05
