id;image;image_content_type;description;time;profile_id
1;../fake-data/blob/hipster.png;image/png;that turbulent;2025-08-07T15:26:05;1
2;../fake-data/blob/hipster.png;image/png;yippee since atrium;2025-08-07T15:11:33;2
3;../fake-data/blob/hipster.png;image/png;wafer;2025-08-07T09:24:42;3
4;../fake-data/blob/hipster.png;image/png;across;2025-08-07T05:38:50;4
5;../fake-data/blob/hipster.png;image/png;loyally ill-fated cultivated;2025-08-07T03:26:47;5
6;../fake-data/blob/hipster.png;image/png;yuck beep;2025-08-07T15:20:00;6
7;../fake-data/blob/hipster.png;image/png;beloved harmful mooch;2025-08-06T16:45:01;7
8;../fake-data/blob/hipster.png;image/png;reassuringly abnormally defiantly;2025-08-07T08:10:14;8
9;../fake-data/blob/hipster.png;image/png;ew;2025-08-06T20:50:14;9
10;../fake-data/blob/hipster.png;image/png;underneath;2025-08-07T00:25:02;10
