id;status;picture;picture_content_type
1;discrete;../fake-data/blob/hipster.png;image/png
2;eek deprave rarely;../fake-data/blob/hipster.png;image/png
3;hourly;../fake-data/blob/hipster.png;image/png
4;daily;../fake-data/blob/hipster.png;image/png
5;at repurpose;../fake-data/blob/hipster.png;image/png
6;worriedly;../fake-data/blob/hipster.png;image/png
7;drowse godparent silently;../fake-data/blob/hipster.png;image/png
8;save oof;../fake-data/blob/hipster.png;image/png
9;siege;../fake-data/blob/hipster.png;image/png
10;pish;../fake-data/blob/hipster.png;image/png
